canonical_name,aliases,location,type
13 St Mary's,,,church
13 St Marys Launceston,13 St Mary's (launceston)|13 St Mary's Launceston,,church
43rd Regimental District,,,military
49th Regimental District,,,military
5th Fusiliers,,,club
60th Rifles,,,club
7th Co W D R A,,,club
7th Co WDRA,,,club
A,,,club
A Browne's Team,Mr A Browne's Team,,club
A Browne's XI,Mr A Browne's XI,,personal_xi
A E Phillips' XI,Mr A E Phillips' XI,,club
A E Phillips' XI St Albans,Mr A E Phillips' XI St Albans,,club
A F Clarke's Wantage Team,,,club
A Gray XI,Mr A Gray XI,,club
A Gray's XI,Mr A Gray's XI,,personal_xi
A Kindersley's XI,Mr A Kindersley's XI,,personal_xi
A Kingsmill's XII,Mr A Kingsmill's XII,,personal_xi
A L Checkland's Team,Mr A L Checkland's Team,,club
A Silverdale,,,club
A Sutton's XI,Mr A Sutton's XI,,personal_xi
A T Lucas's XI,Mr A T Lucas's XI,,personal_xi
A Team of the Old Higher Grade,,,club
A W Baker's Hagbourne Team,,,club
A W Isaac's XI,,,personal_xi
A W Myers's XI,,,personal_xi
Abbey Wharf,,,club
Abbots Bromley,,,club
Abbots Langley,,,club
Abbots Morton,,,club
Abbott's Langley,,,club
Abergavenny,,,club
Abertillery,,,club
Aberystwyth,,,club
Abingdon,,,club
Abingdon Clothing Factory,,,works
Abingdon School,,,school
Abingdon Second,,,club
Abingdon Second XI,,,club
Acklington And District,,,club
Acle,,,club
Acls,,,club
Adbury House,,,club
AF Clarke's Wantage Team,,,club
Aigburth,,,club
Ainsworth,,,club
AL Checkland's Team,Mr AL Checkland's Team,,club
Albion,,,club
Alcombe Rovers,,,club
Aldbury,,,club
Aldbury CO,,,club
Aldenham House,,,club
Alderley Edge,,,club
Alderley Edge Victoria,,,club
Aldermaston,,,club
Aldermaston Juniors,,,club
Aldershot,,,club
Aldershot Depot,,,club
Aldershot Division,,,military
Aldworth,,,club
Alexandra,,,club
Alexandra A,,,club
Alexandra A Team,,,club
Alexandra Amateurs,,,club
Alexandra 2nd,,,club
Alexandra Second XI,,,club
All England XI Of Professionals,,,club
All Saints',All Saints|All Saints' OC,,church
All Saints' Highgate,All Saints Highgate,,church
All Saints' Highgate First XI,All Saints Highgate First XI,,church
All Saints Highgate XI,,,church
All Souls,,,club
All Soul's Hampstead,All Souls (hampstead)|All Souls Hampstead,,club
Alnmouth,,,club
Alnwick,,,club
Alnwick Reserve,,,club
Alnwick Wednesday,,,club
Alpha,,,club
Alsager,,,club
Altofts,,,club
Amersham,,,club
Amersham UCC,,,club
Ampthill,,,club
Anagh,,,club
Anchor,,,club
Andington,,,club
Antony,,,club
Appleby,,,club
Apsley,,,club
Apsley End,,,club
Archibald,,,club
Ardington,,,club
Arkley,,,club
Arlesey,,,club
Armley Glebe Society,,,club
Army,,,club
Army Service Corps,,,club
Artizan Star,,,club
Asbury House,,,club
Ashbury House,,,club
Ashford Court,,,club
Ashill,,,club
Ashington Excelsior,,,club
Ashington Portland,,,club
Ashleigh,,,club
Ashton,,,club
Ashwell,,,club
Assistants,,,club
Astill's XI,Mr Astill's XI,,personal_xi
Aston,,,club
Aston Clinton,,,club
Aston Rowant,,,club
Aston Unity,,,club
Aston Unity Second XI,,,club
Aston-On-Clun,,,club
Asylum,,,club
Athletic,,,club
Athletic Club,,,club
Athletics,,,club
Audlem,,,club
Audley,,,club
Audley Football Team,,,club
Audley Football XI,,,club
Avelry's XI,Mr Avelry's XI,,personal_xi
Avon Vale,,,club
Avon Vale Bath,,,club
Avondale,,,club
AW Baker's Hagbourne Team,,,club
AW Isaac's XI,,,personal_xi
AW Myers's XI,,,personal_xi
Axtell's,,,club
Aylesbury Printing Works,Aylesbury Printing Works OC|Aylesbury Printing Works' OC,,works
Aylestone Park,,,club
Ayondale,,,club
B Ellis And Co,,,club
B Silverdale Second XI,,,club
Backworth,,,club
Backworth Percy,,,club
Badminton,,,club
Bakers Of Ware,,,club
Baldock,,,club
Balliol College Servants,,,school
Bangor,,,club
Banwell Hill,,,club
Barbourne,,,club
Bardney,,,club
Barlaston,,,club
Barnet,,,club
Barnet A,,,club
Barnet Tennis Match,,,club
Barnett,,,club
Barnsley,,,club
Baron Falkenstein's XI,,,personal_xi
Barry,,,club
Barton,,,club
Basford,,,club
Basford United,,,club
Bassaleg,,,club
Bassingham,,,club
Batch Wood,,,club
Bath Association,,,club
Bath Railway,,,club
Bayfield,,,club
Bayford,,,club
Baylston Square,,,club
Baylston-Square,,,club
Bayners XI,,,club
Beaconsfield,,,club
Beacroft XI,Mr Beacroft XI,,club
Beacroft's XI,Mr Beacroft's XI,,personal_xi
Bearcroft's XI,Mr Bearcroft's XI,,personal_xi
Beaufort,,,club
Beaumont,,,club
Bebington Bible Class,Bebington Bible Class CC,,club
Beccles College,,,school
Beckington,,,club
Bedford County School,,,school
Bedford Ramblers,,,club
Bedfordshire,,,club
Bedfordshire Regiment,,,military
Bedminster,,,club
Beds,,,club
Beechen Grove,,,club
Beeston,,,club
Beeston D,,,club
Beeston DCC,,,club
Beethoven (London),,,club
Belbroughton,,,club
Belgrave,,,club
Belgrave PM,,,club
Belsay,,,club
Benacre Park,,,club
Benholme,,,club
Benskin And Co,,,club
Benskin's,,,club
Benskin's And Co,,,club
Benswell Hill,,,club
Benwell,,,club
Benwell Hill,,,club
Berkhamstead Working Men,,,club
Berkley XI,Mr Berkley XI,,club
Berkley's XI,Mr Berkley's XI,,personal_xi
Berks Asylum,,,club
Berks County Asylum,,,club
Berkshire,,,club
Berridge's XI,Mr Berridge's XI,,personal_xi
Berwick,,,club
Beswick Royal,,,club
Betley A,,,club
Betley A XI,,,club
Bewicke's XI,Mr Bewicke's XI,,personal_xi
Bicester,,,club
Bicester (ma H Tubb's Xi),,,personal_xi
Bichton,,,club
Bicton,,,club
Biggleswade,,,club
Bignall End,,,club
Bignall End League Team,,,club
Bignall End League XI,,,club
Bignall End Second,,,club
Bignall End Second XI,,,club
Bignall End Wesleyan XXII,,,club
Bill Quay Albion,,,club
Bircham,,,club
Bircher,,,club
Birkenhead Park,,,club
Birkenhead Police,,,club
Birkenhead St John's,,,church
Birkenhead St Mary's,,,church
Birkenhead Victoria,,,club
Birley,,,club
Birmingham Charity Shield Dudley,,,club
Biscuit Factory,,,works
Biscuit Factory A,,,works
Biscuit Factory A XI,,,works
Biscuit Factory B XI,,,works
Biscuit Factory C XI,,,works
Biscuit Factory Second XI,,,works
Biscuit Factory Stores Married,,,works
Biscuit Factory Stores Single,,,works
Bisham,,,club
Bishop Auckland,,,club
Bishop Stortford,,,club
Bishop's Hostel,,,club
Bisshopstrow Gifford,,,club
Bissopstrow Gifford,,,club
Biston,,,club
Black Watch,,,club
Blackheath,,,club
Blackrock College,,,school
Blagdon,,,club
Blakedown,,,club
Blandford,,,club
Bledlow Ridge,,,club
Blenheim Park,,,club
Blisling Park,,,club
Blofield,,,club
Blofield And District,,,club
Blows Down Lime Works,,,works
Blue Coat School,,,school
Blue Mantles,,,club
Blue Shield,,,club
Blunham,,,club
Blythewood,,,club
Bodenham,,,club
Bodmin,,,club
Boldre,,,club
Bollington,,,club
Bollington Fairfield,,,club
Bollington Second,,,club
Bollington 2nd XI,Bollington Second XI,,club
Bonningtons,,,club
Booker Temperance,,,club
Bootle,,,club
Borough Employees,,,club
Borough Police,,,club
Bosworth,,,club
Bosworth Smith's XI,Mr Bosworth Smith's XI,,personal_xi
Bosworth-Smith XI,Mr Bosworth-Smith XI,,club
Bosworth-Smith's XI,Mr Bosworth-Smith's XI|Mr Bosworth-Smiths XI,,personal_xi
Bothal,,,club
Botswell Independent,,,club
Boughton Hall,,,club
Boughton Park,,,club
Boulter-Street Institute,,,club
Bournemouth,,,club
Bovingdon,,,club
Bow,,,club
Bowdon 2nd XI,Bowdon Second XI,,club
Boxmoor,,,club
Boxmoor St John's,,,church
Boyn Hill,,,club
Boys' Brigade,,,club
Boys' Brigade Second Wokingham Company Second XI,Boys' Brigade (second Wokingham Company) Second XI,,club
Boys' Brigade Second XI,,,club
Bracebridge Asylum,,,club
Bradenham,,,club
Bradfield,,,club
Bradford,,,club
Bramall,,,club
Bramall First,,,club
Bramall 1st XI,Bramall First XI,,club
Bramall 2nd XI,,,club
Bramhall,,,club
Bramham,,,club
Brecon,,,club
Breconshire,,,club
Brethoven,,,club
Brethoven (london),,,club
Brewer's XI,,,personal_xi
Brewery,,,club
Brewton,,,club
Bridge Mills,,,club
Bridge Mills Silverton,,,club
Brigg,,,club
Brigstock,,,club
Brinksway Sunday School,,,school
Brinkworth,,,club
Brinton,,,club
Bristol Schoolmasters,,,school
Britannia,,,club
Britannia Rovers,,,club
British School,,,school
Brixton Wanderers,,,club
Broadheath Park,,,club
Broadmoor Asylum,,,club
Broad-Street United,,,club
Brock Mills,,,club
Bromboro',Bromboro,,club
Bromboro Pool,,,club
Bromborough,,,club
Bromborough Pool,,,club
Bromhro Pool,,,club
Bromsgrove,,,club
Bromsgrove School,,,school
Bromsgrove Second XI,,,club
Bromyard,,,club
Brooke,,,club
Brookesbury Park London,,,club
Brooklands,,,club
Broomhill,,,club
Broughton,,,club
Broxbourne,,,club
Bryanston Square,,,club
Bryers Road,,,club
Brynmavadd,,,club
Brynmawr,,,club
Brynymavadd,,,club
Buckingham,,,club
Buckinghamshire,,,club
Buckland,,,club
Bucknall Church,,,church
Bude,,,club
Bugsworth,,,club
Bull Point,,,club
Buntingford,,,club
Burford,,,club
Burford Second XI,,,club
Burfords Orbit,,,club
Burghclere,,,club
Burghclere Boys,,,club
Burmantofts Liberal Club,,,club
Burnham,,,club
Burnham Priory,,,club
Burnopside Hall,,,club
Burnt Fen,,,club
Burslem,,,club
Burton,,,club
Burton Latimer,,,club
Bury And West Suffolk,,,club
Bury United,,,club
Bushey,,,club
Bushey Grove,,,club
Bushey Police,,,club
Bushey Victors,,,club
Butchers,,,club
Buxton,,,club
Buxton College,,,school
Buxton Lamas,,,club
Bylaugh,,,club
Bylaugh Hall,,,club
Bywell,,,club
C Clough Hall,,,club
C D Rose's XI,Mr C D Rose's XI,,personal_xi
C Division Herts Constabulary,,,military
C E Bagot's XI,Mr C E Bagot's XI,,personal_xi
C E Keymer's XI,Mr C E Keymer's XI,,personal_xi
C E Keyser's XI,Mr C E Keyser's XI,,personal_xi
C E Y M S,,,club
C G Lovesby's XI,,,personal_xi
C H Hull XI,Mr C H Hull XI,,club
C H Hull's XI,Mr C H Hull's XI,,personal_xi
C S Awdry's XI,Mr C S Awdry's XI,,personal_xi
C Tanqueray's Cambridge XI,Mr C Tanqueray's Cambridge XI,,personal_xi
Caddington,,,club
Cadmore,,,club
Cadmore End,,,club
Caixonian,,,club
Caixonians,,,club
Calay & Son's,,,club
Caldicot,,,club
Caley's Second,,,club
Caley's Second XI,,,personal_xi
Callow Land Stars,,,club
Camborne,,,club
Cambridge Borough Police,,,club
Cambridge Cassandras,,,club
Cambridge County,,,club
Cambridge County Council,,,club
Cambridge County Police,,,club
Cambridge Nihilists,,,club
Cambridge Servants,,,club
Cambridge Town Council,,,club
Cambridge University Nihilists,,,club
Cambridge University Servants,,,club
Cambridgeshire,,,club
Cambridgeshire At Cambridge Day 1,,,club
Cambridgeshire Borough Police,,,club
Cambridgeshire County Police,,,club
Cambridgeshire Historical Matches,,,club
Cambs County Police,,,club
Camden,,,club
Camden United,,,club
Camelford,,,club
Cameron-Wellington,,,club
Cannon Brewery,,,club
Canterbury,,,club
Captain Nicholl's XI,Captain Nicholls XI|Captain Nicholls' XI,,personal_xi
Cardiff,,,club
Cardiff Water Rate,,,club
Carlton,,,club
Carlton London,,,club
Carriage Department,,,club
Carrington's D'oyley Carte's XI,Mr Carrington's D'oyley Carte's XI,,personal_xi
Carrington's D'oyly Carte's XI,Mr Carrington's D'oyly Carte's XI,,personal_xi
Carrow,,,club
Carrow Second,,,club
Carrow Second XI,,,club
Carter,,,club
Carter's,,,club
Cassiobury Yard,,,club
Castle Cary,,,club
Castle Combe,,,club
Castle Rovers,,,club
Castleton,,,club
Catfield,,,club
Cathays,,,club
Cathedral Choir,,,club
Cathedral Guild,,,club
Cathedral School,,,school
Catholic Alma,,,club
Catsfield,,,club
Catton Park,,,club
Causton's Athletic,,,club
Causton's Athletic London,,,club
Caversham,,,club
Caversham B XI,,,club
Caversham Free Church,,,church
Caversham House,,,club
Caversham Second XI,,,club
Caversham St John's,,,church
Caverswall,,,club
Caverswall Amateurs,,,club
Caxtonians,,,club
Caynham Court,,,club
CD Rose's XI,Mr CD Rose's XI,,personal_xi
CE Keymer's XI,,,personal_xi
CE Keyser's XI,Mr CE Keyser's XI,,personal_xi
Cedar,,,club
Central Conservative,,,club
Central Conservative Club,,,club
Central Co-Operative,,,club
Central Co-Operative Club,,,club
Ceyms,,,club
CG Lovesby's XI,,,personal_xi
CH Hull XI,,,club
CH Hulls XI,CH Hull's XI|Mr CH Hull's XI|Mr CH Hulls XI,,club
Chadkirk Hulme,,,club
Chadle Hulme,,,club
Chadle Wesleyans,,,club
Chalfont Park,,,club
Chalton,,,club
Charles-Street,,,club
Charley,,,club
Charlley,,,club
Charlton,,,club
Chartley,,,club
Cheadle,,,club
Cheadle Hulme,,,club
Cheadle Hulme 2nd XI,Cheadle Hulme Second XI,,club
Cheadle Wesleyans,,,club
Cheaule Hulme,,,club
Cheddleton,,,club
Cheetham,,,club
Cheetham 2nd XI,Cheetham Second XI,,club
Chelford,,,club
Chell,,,club
Cheltenham,,,club
Cheltenham College,,,school
Cheltenham Corporation,,,club
Cheltenham Corporation Employees,,,club
Chemical Works,,,works
Chepstow,,,club
Cherwell Valley,,,club
Chesham,,,club
Cheshire,,,club
Cheshire Rolling,,,club
Chester-Le-Street Wednesday,,,club
Cheveley Hall,,,club
Chieveley,,,club
Childwick,,,club
Childwickbury Estate,,,club
Chilterley,,,club
Chilterney,,,club
Chilterny,,,club
Chilton,,,club
Chilton Moor Wednesday,,,club
Chippenham,,,club
Chippenham Second XI,,,club
Chippenham Westbury,,,club
Chipperfield,,,club
Chirbury,,,club
Chirkstone Juniors,,,club
Choir,,,club
Cholesbury,,,club
Cholsey,,,club
Chorlton,,,club
Chorlton A Team,,,club
Christ Church,,,church
Christchurch,,,church
Church And Co,,,church
Church Club,,,church
Church Institute,,,church
Church Stretton,,,church
Cippenham,,,club
Cirencester Phœnix,,,club
Cirencester Phoenix,,,club
Cirencester Phoenx,,,club
Cirencester Royal Artillery,,,club
City,,,club
City Asylum,,,club
City Cup Final Cowley,,,club
City Cup Holders,,,club
City Cupholders,City Cup-Holders,,club
City Police,,,club
City Second,,,club
City Second XI,,,club
Claremont,,,club
Clarence,,,club
Clarendon A,,,club
Clarendon B,,,club
Clarendon CC (a),,,club
Clarendon CC (b),,,club
Clarendon Press,,,club
Clarendon Press B,,,club
Clarendon Press First XI,,,club
Clarendon Press Second XI,,,club
Clarendon Second XI,,,club
Claybrooks Second XI,,,club
Clayston's Athletic,,,club
Clayston's Athletic Loxdon,,,club
Clayton's XI,Mr Clayton's XI,,personal_xi
Clearbrook,,,club
Cleckheaton,,,club
Clontarf,,,club
Close House,,,club
Clothar First XI,,,club
Clough Hall,,,club
Club And Ground,,,club
Clun,,,club
Co Operative,,,club
Coachmen,,,club
Cogenhoe,,,club
Cold Ash,,,club
Coldstream,,,club
Colehill,,,club
Coleshill,Coleshill CC,,club
Colham Green,,,club
Colishall,,,club
College Servants,,,school
College Servants Second XI,,,school
Collingham And Linton,,,club
Collins' Class,Mr Collins Class,,club
Colman Green,,,club
Colne Bridge,,,club
Colney,,,club
Colney Heath,,,club
Coltishall,,,club
Colts,,,club
Colwall,,,club
Combe Unity,,,club
Comet,,,club
Conacher's XI,Mr Conacher's XI,,personal_xi
Congleton,,,club
Congleton Forge Mills,,,club
Congregational,,,club
Conservatives,,,club
Consett,,,club
Consett And District,,,club
Consett Wednesday,,,club
Constable Burton,,,club
Constitutional,,,club
Cookham Dean,,,club
Cooper Coban,,,club
Co-Operative,,,club
Copthall,,,club
Cornbrook,,,club
Cornish's XI,Mr Cornish's XI,,personal_xi
Cornsay Second XI,,,club
Cornwall,,,club
Cornwall County,,,club
Cornwall County Asylum,,,club
Corporation,,,club
Corporation Second XI,,,club
Corsham,,,club
Corsham Clun,,,club
Corsham Second XI,,,club
Coseley,,,club
Coseley Second XI,,,club
Cotham Green,,,club
Coton Hill,,,club
Cottered,,,club
County,,,club
County Asylum,,,club
County Club,,,club
County Club And Ground,,,club
County Council,,,club
County Kildare,,,club
County of Cambridge Police,,,club
County Police,,,club
County Wexford,,,club
County Wexforth,,,club
County Wicklow,,,club
Cowley,,,club
Cowley Barracks,,,military
Cowley County Cup Final,,,club
Cowley Second XI,,,club
Cowley St John,,,church
Cowley St John Second XI,,,club
Cradley Heath,,,club
Craghead,,,club
Craghead Colliery,,,club
Crewe,,,club
Crewe Alexandra,,,club
Crewe Alexandra Second XI,,,club
Crewe Athletic,,,club
Crewe Permanent Way,,,club
Crewe Post-Office,,,club
Crewe Second,,,club
Crewe Second XI,,,club
Crickhowell,,,club
Crimble Hill,,,club
Cromer Visitors,,,club
Crook,,,club
Crossley,,,club
Crossley's,,,club
Croxley,,,club
CS Awdry's XI,Mr CS Awdry's XI,,personal_xi
Culham,,,club
Cumberland-Road,,,club
D A C,,,club
D Clough Hall,,,club
DAC,,,club
Dallington,,,club
Dalston Havelock,,,club
Dan Garner's,,,club
Daniel's XI,,,personal_xi
Dansey's XI,Mr Dansey's XI,,personal_xi
DAO,,,club
Darlaston,,,club
Darlington,,,club
Darlington Grammar School,,,school
Dartmoor Prison Officers,,,club
Dartmouth,,,club
Dauntsey,,,club
Dawpool,,,club
Deaconians,,,club
Dean Close School,,,school
Dean Close School Cheltenham,,,school
Decoles Caxton,,,club
Delaval Hall,,,club
Delph And Dobcross,,,club
Denby Dale,,,club
Denskin's Brewery,,,club
Denstone,,,club
Denton Wesleyans,,,club
Depot Club,,,club
Deptford,,,club
Deptford Ramblers,,,club
Derby Constitutional,,,club
Derby Midland,,,club
Derbyshire,,,club
Dersingham,,,club
Devizes,,,club
Devizes Depot,,,club
Devon,,,club
Devon County Asylum,,,club
Devonshire,,,club
Devoran,,,club
Dewsbury Moor,,,club
Dewsbury Savile An XI,,,club
Dewsbury Savile An XL,,,club
Dewsbury Saviles An XL,,,club
Dewsbury Savils An XI,,,club
Didcot GWR,,,club
Didsbury,,,club
Didsbury Second,,,club
Didsbury 2nd XI,Didsbury Second XI,,club
Dignall End,,,club
Dilwyn,,,club
Din's,,,club
Dinton,,,club
Diss,,,club
Diss Second XI,,,club
Ditton Marsh,,,club
Doddridge,,,club
Dodridge,,,club
Dorchester,,,club
Dorman's XI,,,personal_xi
Dorman's XI Stafford,,,personal_xi
Dormer's XI,Mr Dormer's XI,,personal_xi
Doulton's,Doultons,,club
Dover Street Working Men's,,,club
Dover-Street Working Men's,,,club
Downton Castle,,,club
Doxford,,,club
Dr Dighton's XI,,,personal_xi
Dr Knox's XI,,,personal_xi
Dr Thomson's XI,,,personal_xi
Draconians B,,,club
Draconians Second XI,,,club
Drayton,,,club
Drayton And Taverham,,,club
Dresden,,,club
Dresden Church,,,church
Dresden Church Second XI,,,church
Dresden Second XI,,,club
Droitwich,,,club
Dublin University,,,club
Dublin University Third XI,,,club
Dudley,,,club
Dudley Castle,,,club
Dudley Early Closers,,,club
Dudley Port Primitive Methodists,,,club
Dudley Reserves,,,club
Dudley Second XI,,,club
Duffers V Cracks,,,club
Dundalk,,,club
Dundrom,,,club
Dunesbury Second XI,,,club
Dungarvan,,,club
Dunstable,,,club
Dunstable First XI,,,club
Dunstable Grammar School,,,school
Dunstable Second XI,,,club
Dunstable Town,,,club
Dunstable Town First XI,,,club
Dunstable Victoria,,,club
Dunstable Volunteers,,,military
Dunston,,,club
Dunton,,,club
Durham,,,club
Durham City Second XI,,,club
Durham University,,,club
E A Massingham's XI,,,personal_xi
E Club And Ground,,,club
E H Wales's XI,,,personal_xi
E N H,,,club
E O,,,club
E O I C,,,club
E Stevens' XI,Mr E Stevens XI|Mr E Stevens' XI,,club
Ealing,,,club
Earl Of Essex's XI,,,personal_xi
Earley St Peter's,,,church
Early Closers,,,club
Easington,,,club
East End,,,club
East End Tradesmen,,,club
East Finchley,,,club
East Gloucestershire,,,club
East Oxford Conservative,,,club
East Woodhay,,,club
Eastbourne,,,club
Eastnor,,,club
Eaton,,,club
Ebbw Vale,,,club
Edgbaston A,,,club
Edge Grove,,,club
Ellesmere Town,,,club
Elmden Castle,,,club
Elmham,,,club
Elmham Hall,,,club
Elmley Castle,,,club
Elsham,,,club
Elstree Masters,,,club
Elswick Works,,,works
Elswick Works Second,,,works
Elswick Works Second XI,,,works
Emerald Isle XI,,,club
Empire Star,,,club
England And America,,,club
Englefield,,,club
Enterprise,,,club
EOC,,,club
EOCC,,,club
EOCO,,,club
Eoocc,,,club
Eppleton,,,club
Eppleton Second XI,,,club
Erchfont,,,club
Erratics,,,club
Essex,,,club
Eton Ramblers,,,club
Ettingshall,,,club
Euston Staff,,,club
Eveham,,,club
Eversley,,,club
Evesham,,,club
Ewias Harold And Pontrilas,,,club
Ewyas Harold,,,club
Ewyas Harold And Pontrilas,,,club
Excelsior,,,club
Excelsior Albion,,,club
Excelsior Albions,,,club
Exe Valley First,,,club
Exe Valley II,,,club
Exe Valley Second XI,,,club
Exeter,,,club
Exeter Cathedral School,,,school
Exeter College,,,school
Exiles,,,club
Exmouth,,,club
Eynsham Hall,,,club
F C R Clayton's XI,Mr F C R Clayton's XI,,personal_xi
F G Galloway XI,Mr F G Galloway XI,,club
F G Galloway's XI,Mr F G Galloway's XI,,personal_xi
F G H Clayton's XI,Mr F G H Clayton's XI,,personal_xi
F Gentle's XI,Mr F Gentle's XI,,personal_xi
F Jickling's XI,,,personal_xi
F Nantwich,,,club
F O,,,club
F Preake XI,,,club
F Preake's XI,Mr F Preake's XI,,personal_xi
Fairfield,,,club
Fakenham,,,club
Falkland,,,club
Falmouth,,,club
Fanshaws,,,club
Faringdon,,,club
Farleigh,,,club
Farnley,,,club
Fast,,,club
Felling Temperance,,,club
Felling Temperance Second,,,club
Felling Temperance Second XI,,,club
Fenny Stratford,,,club
Fenton,,,club
Fenton II,,,club
Fenton Mount Pleasant,,,club
Fenton Second,,,club
Fenton Second XI,,,club
FG Galloway XI,,,club
Field Dalling,,,club
Fifth Fusiliers,,,club
Finchley,,,club
Finchley Second,,,club
Finchley Second XI,,,club
Fine Apple,,,club
Fitzwilliam,,,club
Fitzwilliam Club,,,club
Fitzwilliam Lawn Tennis Club,,,club
Flackwell Heath,,,club
Flackwell Heath 2nd XI,Flackwell Heath Second XI,,club
Flanshaw,,,club
Fleetwood's XI,Mr Fleetwood's XI,,personal_xi
Flint,,,club
Flood Street,,,club
FOLC,,,club
Fold's XI,Mr Fold's XI,,personal_xi
Ford,,,club
Forest Amateurs,,,club
Forest Wanderers,,,club
Forge Mills,,,club
Formby,,,club
Four Juniors,,,club
Four Juniors Single Wicket,Four Juniors (single Wicket),,club
Four Veterans,,,club
Foxley,,,club
Franklin,,,club
Franklin Choir,,,club
Free Church,,,church
Free Foresters,,,club
Friars End Colours,,,club
Friern Barnet,,,club
Frodingham,,,club
Frogmore,,,club
Frogmore Second XI,,,club
Frome,,,club
Fulshaw,,,club
Fulwell,,,club
Fulwell CI,,,club
G A Buckland's XI,Mr G A Buckland's XI,,personal_xi
G E Keyser's XII,Mr G E Keyser's XII,,personal_xi
G E R Clerks,,,club
G H Ling's XI,Mr G H Ling's XI,,personal_xi
G H Lloyd's XI,Mr G H Lloyd's XI,,personal_xi
G H Wailes's XI,Mr G H Wailes's XI,,personal_xi
G Holloway's XI,Mr G Holloway's XI,,personal_xi
G L Jessop Performance For Beccles College,,,school
G M Nicholson's XI,,,personal_xi
G Nantwich Second XI,,,club
G Sainsbury's XI,,,personal_xi
GA Buckland's XI,Mr GA Buckland's XI,,personal_xi
Gainsboro',Gainsboro,,club
Gainsborough,,,club
Gallowhill,,,club
Galmpton,,,club
Gamlingay Cup Match,,,club
Ganges,,,club
Gardeners,,,club
Garnons,,,club
Garston,,,club
Garway United,,,club
Gateshead Fell,,,club
Gateshead Presbyterian,,,club
Gayhurst,,,club
GE Keyser's XII,Mr GE Keyser's XII,,personal_xi
Gentlemen,,,club
Gentlemen And Players,,,club
Gentlemen of Berkshire,,,club
Gentlemen Of Hertfordshire,,,club
Gentlemen Of Herts,,,club
Gentlemen Of Monmouthshire,,,club
Gentlemen Of Wantage,,,club
Gentlemen Of Worcestershire,,,club
Geo Oliver's,,,club
GER Clerks,,,club
Gerards Cross,,,club
Gerrans,,,club
Gerrards Cross,,,club
GH Ling's XI,,,personal_xi
GH Lloyd's XI,Mr GH Lloyd's XI,,personal_xi
GH Wailes's XI,,,personal_xi
Gibbs' XI,Mr Gibbs' XI,,club
Gindlestones Charterhouse,,,club
Girdlestoneites (Charterhouse),,,club
Girdlestones,,,club
Girdlestones Charterhouse,Girdlestones (charterhouse),,club
Gisborne's XI,Mr Gisborne's XI,,personal_xi
Glamorgan,,,club
Glamorganshire,,,club
Globe Works,,,works
Gloucester,,,club
Gloucestershire,,,club
GNB Athletic Association King's Cross,,,club
Godalming,,,club
Gold Street Wesleyans,,,club
Goldsithney,,,club
Gold-Street Wesleyans,,,club
Gomersal,,,club
Gonowey,,,club
Gordon,,,club
Goring,,,club
Gosforth Conservative,,,club
Gospel End,,,club
Grafton Arms,,,club
Grafton Underwood,,,club
Grampound,,,club
Granby,,,club
Grandpont,,,club
Grange Conservatives,,,club
Grantchester,,,club
Grantham,,,club
Grantham Thursday,,,club
Grantham Town,,,club
Granville,,,club
Grapho Company Harrow,,,club
Grazeley and Spencer's Wood Institute,,,club
Great,,,club
Great Chell,,,club
Great Hampden,,,club
Great Kingshill,,,club
Great Missenden,,,club
Great Moor,,,club
Great Moor Second,,,club
Great Moor 2nd XI,Great Moor Second XI,,club
Great Munden,,,club
Great Somerford,,,club
Great Witley,,,club
Greaves' XI,Mr Greaves XI|Mr Greaves' XI,,club
Greenfield,,,club
Greenside,,,club
Greet,,,club
Gressenhall,,,club
Gresshall,,,club
Grey Horse,,,club
Griffith's Team,Mr Griffith's Team,,club
Griffith's XI,Mr Griffith's XI,,personal_xi
Guild,,,club
Guildfield,,,club
Guildhall,,,club
Guilds,,,club
Guildsfield,,,club
Guilsfield,,,club
Gulval,,,club
Gunton,,,club
Gunton Park,,,club
Gurney's XI,Mr Gurney's XI,,personal_xi
Gwersyllt,,,club
GWR,,,club
H Cozens-Hardy's XI,,,personal_xi
H D L Barker's XI,Mr H D L Barker's XI,,personal_xi
H H E,,,club
H J H Bladon's XI,,,personal_xi
H J Salmon's Team,Mr H J Salmon's Team,,club
H J Salmon's XI,Mr H J Salmon's XI,,personal_xi
H M S Britannia,,,club
H M S Ganges,,,club
H Reaseheath,,,club
H S Reeve's Reepham XI,,,personal_xi
Habbourne,,,club
Hackney Tradesmen,,,club
Haddenham,,,club
Haddenham XII,,,club
Hadley,,,club
Haileybury,,,club
Haileybury College,,,school
Haileybury Servants,,,club
Hale Second XI,,,club
Halesowen,,,club
Halesowen Second XI,,,club
Halifax Kings Cross,,,club
Hall,,,club
Haltwhistle,,,club
Hampshire,,,club
Hampshire Hogs,,,club
Hampshire Rovers,,,club
Hampton Court,,,club
Hamsteels,,,club
Hamsteels First XI,,,club
Hamsteels Second XI,,,club
Handborne CC Married,,,club
Handborne Married,,,club
Hanford,,,club
Hanley Castle Grammar School,,,school
Hanley Tabernacle,,,club
Hanley Y M C A,,,club
Hanley YM C A,,,club
Hanley YMCA,,,club
Hanmer,,,club
Hanover,,,club
Hanover First XI,,,club
Hanover Mersey,,,club
Hanover Second,,,club
Hanover 2nd XI,Hanover Second XI,,club
Harbourne,,,club
Harbourne College,,,school
Harby,,,club
Hardingstone,,,club
Harefield,,,club
Harewood,,,club
Harewood End,,,club
Harkaway,,,club
Harlesden,,,club
Harleston,,,club
Harlow Under 14,,,club
Harlow Under XIV,,,club
Harpenden,,,club
Harpurhey B S,,,club
Harpurhey BS,,,club
Harpurhey Wesleyans,,,club
Harpurhey Wesleyans 2nd XI,,,club
Harraton,,,club
Harris' XI,Mr Harris XI|Mr Harris' XI,,club
Harrow,,,club
Harrow Town,,,club
Harrow Weald,,,club
Hartlebury Grammar School,,,school
Hartley Hastings Second XI,,,club
Hartshead Moor,,,club
Hartsholme,,,club
Haslingden Wesleyans Second Team,,,club
Haslingden Wesleyans Second XI,,,club
Hatfield,,,club
Hatherleigh,,,club
Hathersett,,,club
Haughton Wesleyans First,,,club
Haughton Wesleyans 1st XI,Haughton Wesleyans First XI,,club
Havelock,,,club
Haverland,,,club
Haviland's XI,Mr Haviland's XI,,personal_xi
Hay,,,club
Hazel Grove,,,club
Hazel Grove Tradesmen,,,club
Hazel Grove UC,,,club
Hazlemere United,,,club
HDL Barker's XI,Mr HDL Barker's XI,,personal_xi
Headington Hill Hall,,,club
Headington Quarry,,,club
Headington Quarry Second XI,,,club
Headington United,,,club
Headington United Second XI,,,club
Healey's Brewery,,,club
Heath,,,club
Heath Brow School,,,school
Heath Brow School School House,Heath Brow School: School House,,school
Heath End,,,club
Heath Row,,,club
Heaton Guild,,,club
Heaton Mersey,,,club
Heaton Mersey 2nd XI,Heaton Mersey Second XI,,club
Heaton Mersey Sunday School,,,school
Heaton Mersey Third,,,club
Heaton Mersey Third XI,,,club
Heaton Moor Wesleyans,,,club
Hebburn St John,,,church
Hebburn St John's,,,church
Heckfield,,,club
Hedgerley Home,,,club
Heimd,,,club
Helsby,,,club
Helston,,,club
Hemel Hempstead,,,club
Hemel Hempsted,,,club
Hempstead,,,club
Hempstead Early Closing,,,club
Hempton,,,club
Henderson's Scratch XI,Hendersons Scratch XI,,personal_xi
Hendon,,,club
Hendon PM,,,club
Hendon Waverley,,,club
Henley,,,club
Henlow,,,club
Hereford Cathedral School,,,school
Hereford Cathedral School Second XI,,,school
Hereford City,,,club
Hereford County,,,club
Hereford County College,,,school
Hereford St,,,church
Hereford St Martin's,,,church
Hereford Times Cricket Challenge Trophy Final Presteign,,,club
Hereford Wye,,,club
Herefordshire C And G,,,club
Herefordshire Club And Ground,,,club
Hermitage,,,club
Hernals,,,club
Hertford Caltonians,,,club
Hertford Caxtonians,,,club
Hertfordshire,,,club
Hertfordshire Historical Matches,,,club
Hertingforbury,,,club
Hertingfordbury,,,club
Herts,,,club
Herts Constabulary,,,club
Herts County,,,club
Heskin's Brewery,Heskins Brewery,,club
Hethersett,,,club
Hetton Lyons,,,club
Hetton Lyons Second,,,club
Hetton Lyons Second XI,,,club
Hetton Wednesday,,,club
Hevingham,,,club
Heytesbury,,,club
Heywood Excelsior Second XI,,,club
Heywood's Excelsior,,,club
Heywood's Excelsior First XI,,,personal_xi
Heywood's Excelsior Second,,,club
Heywood's Excelsior 2nd XI,Heywood's Excelsior Second XI,,personal_xi
Hhecc,,,club
High Fell,,,club
High Fell First,,,club
High Fell First XI,,,club
High Fell Second,,,club
High Fell Second XI,,,club
High Fell XI,,,club
High Green,,,club
High Halders,,,club
High Lane,,,club
High School,,,school
High School Third XI,,,school
High Town Wesleyans,,,club
High Wycombe,,,club
Highclere,,,club
Highclere Boys,,,club
Highclere Castle,,,club
Highfield,,,club
Hightown A,,,club
Hightown A Team,,,club
Hightown Wesleyans,,,club
Hightowns Wesleyans,,,club
Hillfield,,,club
Hillingdon,,,club
Hill-Street,,,club
Hilston,,,club
Himley,,,club
Hingham,,,club
Histon and Impington,,,club
Hitchin,,,club
Hitchin Blue Cross Brigade,Hitchin Blue Cross Brigade OC,,club
Hitchin Blue Cross Second XI,,,club
Hitchin Blue Cross Temperance Brigade,,,club
Hitchin GNB,,,club
Hitchin Grammar School,,,school
Hitchin OC Married,,,club
HJH Bladon's XI,,,personal_xi
HMS Britannia,,,club
HMS Ganges,,,club
Hoare's Sutton XI,Mr Hoare's Sutton XI,,personal_xi
Hock Memorial,,,club
Hockliffe,,,club
Hoddesdon,,,club
Holborn,,,club
Holkham,,,club
Hollington,,,club
Hollinwood,,,club
Holloway's Boot Operatives,Holloway's Boot Operatives CC,,club
Holt,,,club
Holt Bowl Players,,,club
Holy Trinity,,,club
Holywell,,,club
Holywell A C,,,club
Home Team,,,club
Honingham,,,club
Honour Police,,,club
Hookliffe,,,club
Horbury,,,club
Horbury Bridge,,,club
Hornbury,,,club
Horsham,,,club
Houghton,,,club
Houghton Married,,,club
Houghton Second XI,,,club
Houghton Single,,,club
Hounslow Garrison,,,military
Howick,,,club
Howlett And White Second XI,,,club
Howlett And White's Second,,,club
Howlett & White's,,,club
Howlett & White's Second,,,club
Howlett & White's Second XI,,,personal_xi
HS Reeve's Reepham XI,,,personal_xi
Huddersfield,,,club
Humshaugh,,,club
Hungerford,,,club
Hunndon Bury,,,club
Hunslet New Connection,,,club
Hunstanton Visitors,,,club
Hunts,,,club
Hunts County,,,club
Hurry United,,,club
Hurst,,,club
Huxton,,,club
Huyton,,,club
Hyde,,,club
Hyde St Thomas',,,church
Hykeham,,,club
Hymers College,,,school
Hythe,,,club
I Reaseheath,,,club
I Zingari,,,club
Ibex,,,club
Ickenham,,,club
Ickwell And Northill,,,club
Iffley,,,club
Ifley,,,club
Illogan,,,club
Incogniti,,,club
Ineson's XI,Mr Ineson's XI,,personal_xi
Ingham,,,club
Inkberrow And Cookhill,,,club
Inkpen,,,club
Innocentes,,,club
Inocentes,,,club
Ipplepen,,,club
Ippley,,,club
Ipsden,,,club
Ireland,,,club
Ishmaelites,,,club
Ivybridge,,,club
J A Brook XI,Mr J A Brook XI,,club
J A Brook's XI,Mr J A Brook's XI,,personal_xi
J And R Morley's,,,club
J Bearcroft's XI,Mr J Bearcroft's XI,,personal_xi
J Grenfell XI,Mr J Grenfell XI,,club
J Grenfell's XI,Mr J Grenfell's XI,,personal_xi
J Hearth And Co,,,club
J Monro Walker's XI,Mr J Monro Walker's XI,,personal_xi
J Nantwich A,,,club
J Richardson's,,,club
J S Harford's XI,,,personal_xi
J Thomas's (llanymynech Hall) XI,Mr J Thomas's (llanymynech Hall) XI,,personal_xi
J Thomas's XI,Mr J Thomas's XI,,personal_xi
J W Dujardin Leonard's XI,,,personal_xi
JA Brook's XI,Mr JA Brook's XI,,personal_xi
Jarrow,,,club
Jesus College,,,school
Jones's XI,Mr Jones's XI,,personal_xi
JS Harford's XI,,,personal_xi
JW Dujardin Leonard's XI,,,personal_xi
K Leek,,,club
K O S B,,,club
Keele,,,club
Kehelland,,,club
Kelkham,,,club
Kellingbury,,,club
Kelly College,,,school
Kelso,,,club
Kendrick School,,,school
Kensworth,,,club
Kent,,,club
Kersal,,,club
Kettering Britannia,,,club
Kettering Church Institute,,,church
Kettering Church Institute Second,,,church
Kettering Church Institute Second XI,,,church
Kettering Fuller,,,club
Kettering Wanderers,,,club
Kettering Wesleyans,,,club
Kettering Working Men's Club,,,club
Kettering Working Men's Club Second,,,club
Kettering Working Men's Club Second XI,,,personal_xi
Kibborne School,,,school
Kibworth,,,club
Kidderminster,,,club
Kidderminster Grammar School,,,school
Kidderminster Reserves,,,club
Kidderminster Second XI,,,club
Kidmore,,,club
Kilburn,,,club
Kildare Militia,,,club
Killerton,,,club
Kilmersdon,,,club
Kimberley,,,club
King Stanley YM,,,club
King's Cross,,,club
King's Dragoon Guards,,,club
King's Head,,,club
Kings Langley,King's Langley,,club
King's Lynn,,,club
King's Lynn Second XI,,,personal_xi
King's Norton,,,club
King's Own Scottish Borderers,,,club
Kingsley,,,club
Kingsley Park Wesleyans,,,club
Kingsley Second XI,,,club
Kingstey,,,club
Kingston Bagpuize,,,club
Kingswinford Wesleyans,,,club
Kinsham,,,club
Kirkdale Wesleyans,,,club
Kirkley,,,club
Kirton Lindsey,,,club
Kirton-In-Lindsey,,,club
Knaresborough,,,club
Knarisborough,,,club
Knarisbrough,,,club
Knebworth,,,club
Knebworth Second XI,,,club
Knighton,,,club
Knowlett,,,club
Knypersley,,,club
KOSB,,,club
Kye Tree,,,club
L And S W R Co,,,club
L And SWR Co,,,club
L Leek Second XI,,,club
L & N-W Railway,,,club
L & S W R Co,,,club
Lacon,,,club
Ladies,,,club
Ladies And Gentlemen,,,club
Ladock,,,club
Lads' Club Second,,,club
Lads' Club 2nd XI,Lads' Club Second XI,,club
Lady Huntingdon's,,,club
Laird's Bros Draftsmen,,,club
Laird's Bros Draughtsmen,,,club
Lambourn,,,club
Lancashire,,,club
Lancashire Hill,,,club
Lancashire Hill B S,,,club
Lancashire Hill S S,,,club
Lancashire Hill 2nd XI,Lancashire Hill Second XI,,club
Lancashire Hill SS,,,club
Lancashire Hill Sunday School,,,school
Lancashire-Hill B S,,,club
Lancashire-Hill BS,,,club
Lancashire-Hill Second,,,club
Lancashire-Hill Second XI,,,club
Lancaster Hill S S,,,club
Lancaster Hill SS,,,club
Lanchester,,,club
Land Commission,,,club
Lane End,,,club
Lane End Highfield,,,club
Lane End Second XI,,,club
Langley,,,club
Langley Green,,,club
Langley Park,,,club
Lansdown,,,club
Lansdowne United,,,club
Launceston,,,club
Lavenhulme Second XI,,,club
Lavenshulme,,,club
Laverton's Leighton XI,Mr Laverton's Leighton XI,,personal_xi
Lawton Park,,,club
Ledbury,,,club
Lee Common,,,club
Leeds Second XI,,,club
Leek,,,club
Leek Church,,,church
Leek Church Club,,,church
Leek Club,,,club
Leek Highfield,,,club
Leek Highfield Second,,,club
Leek Highfield Second XI,,,club
Leek Reserve,,,club
Leek Second XI,,,club
Leicester,,,club
Leicestershire,,,club
Leighton,,,club
Leighton Ironworks,,,works
Leighton Ironworks Uttoxeter,,,works
Leinster,,,club
Leinster Third XI,,,club
Leland,,,club
Lelant,,,club
Lelant Union Jacks,,,club
Leominster,,,club
Lesbury,,,club
Levenshulme,,,club
Levenshulme Second Elevens,,,club
Levenshulme 2nd XI,Levenshulme Second XI,,club
Lever-Daulby,,,club
Leyland,,,club
Liberal 2nd XI,Liberal Second XI,,club
Liberals,,,club
Licensed Victuallers,,,club
Lifeboat,,,club
Lilley,,,club
Lilliut,,,club
Lilliwt,,,club
Lily Of The Valley,,,club
Lincoln Asylum,,,club
Lincoln Globe Works,,,works
Lincoln Grammar School,,,school
Lincoln Hostel,,,club
Lincoln Imps,,,club
Lincoln Lindum,,,club
Lincoln Lindum A Team,,,club
Lincoln Shear Woodworks,,,works
Lincoln St Andrew's,,,church
Lincoln St Hugh's,,,church
Lincoln Stamp End,,,club
Lincolnshire,,,club
Lincolnshire Historical Matches,,,club
Lindow,,,club
Lindum,,,club
Little Heath,,,club
Little Lever,,,club
Little Marlow,,,club
Little Munden,,,club
Littlemore Asylum,,,club
Littlemore Village,,,club
Littlepetherick,,,club
Littleport,,,club
Liverpool,,,club
Liverpool 2nd XI,Liverpool Second XI,,club
Liverpool 3rd,,,club
Liversedge,,,club
Llandovery,,,club
Llandudno,,,club
Llanymynech,,,club
Loco Stores,,,club
Lodge,,,club
Lofthouse,,,club
London And NE Works,,,works
London And Westminster Bank,,,club
London City Police,,,club
London House Recreation Society,,,club
London Joint Stock Bank,,,club
London Married,,,club
London Orphan Asylum,,,club
London Single,,,club
London Street Institute,,,club
London-Road,,,club
London-Street Institute,,,club
London-Strey Institute,,,club
Long Buckby,,,club
Long Crendon,,,club
Longhirst,,,club
Longsight Second,,,club
Longsight Second XI,,,club
Longsight 3rd XI,Longsight Third XI,,club
Lord Battersea's XI,,,personal_xi
Lord Cobham's XI,,,personal_xi
Lord Coventry's XI,,,personal_xi
Lord Essex's XI,,,personal_xi
Lord Grey De Wilton's XI,,,personal_xi
Lord Jersey's XI,,,personal_xi
Lord Raglan,,,club
Lord Williams' Grammar School,Lord Williams Grammar School,,school
Loughborough,,,club
Loughsight Third XI,,,club
Low Moor,,,club
Lowden St Peter's,Lowden St Peters,,church
Lowestoft,,,club
Lowestoft Visitors,,,club
Lucton,,,club
Lucton School,,,school
Ludlow,,,club
Ludlow And South Shropshire,,,club
Ludlow Grammar School,,,school
Ludlow Second XI,,,club
Lugwardine,,,club
Lugwardine And Withington,,,club
Lugwardine And Withington Reserve XI,,,club
Lugwardine Second XI,,,club
Lulworth Lobsters,,,club
Luton Detachment,,,club
Luton Villa Road,,,club
Luton Villa-Road,,,club
Luton Villa-Road C O,,,club
Luton Villa-Road CO,,,club
Luton Volunteers,,,military
Luxton School,,,school
Lyttelton Grammar School,,,school
Lyttelton Grammar School Malvern,,,school
M B Foster And Sons,,,club
M B Foster & Sons,,,club
M Langham's XI,Mr M Langham's XI,,personal_xi
M Leek Highfield,,,club
M Ross' XVI,,,club
Macclesfield,,,club
Macclesfield Conservative,,,club
Macclesfield Conservative Club,,,club
Macclesfield Conservatives,,,club
Macclesfield Conservatives Club,,,club
Macclesfield Second,,,club
Macclesfield 2nd XI,Macclesfield Second XI,,club
Macclesfield Second Xis,,,club
Maddish St Joseph's,,,church
Madron,,,club
Madron Second XI,,,club
Magazines,,,club
Maiden Erleigh,,,club
Maidenhead,,,club
Major Mildmay's XI,,,personal_xi
Malone,,,club
Malvern,,,club
Malvern College,,,school
Malvern Link,,,club
Malvern Long Vacation,,,club
Malvern Second XI,,,club
Malvern Wells,,,club
Malwarpe,,,club
Manchester,,,club
Manchester South End,,,club
Manfield's,Manfield's O C|Manfield's OC,,club
Manlove Alliott And Co Reserve,,,club
Mannamead School Second XI,,,school
Manner,,,club
Mapplewell,,,club
Marches,,,club
Marden,,,club
Marines,,,club
Market Bosworth Grammar School,,,school
Market Drayton,,,club
Market Harborough,,,club
Market Place,,,club
Market Rasen,,,club
Markyate,,,club
Markyate Street,,,club
Markyate Strent,,,club
Marlborough College,,,school
Marlow,,,club
Marple,,,club
Married,,,club
Married V Single,,,club
Marshes,,,club
Marsters,,,club
Marston,,,club
Martinrigg,,,club
Marylebone,,,club
Masonic Primary School XI,,,school
Mason's XI,Mr Mason's XI,,personal_xi
Master H Penton XI,,,club
Master H Penton's XI,,,personal_xi
Masters,,,club
Master's XI,,,personal_xi
Maudeur Langham's XI,Mr Maudeur Langham's XI|Mr Maudeur Langhams XI,,personal_xi
Maulden,,,club
MB Foster And Sons,,,club
MCC,,,club
MCC And Ground,,,club
MCC And Ground At Lord's 1893,,,club
McElroy's (Reading),,,club
Mcilroy's,,,club
Mcilroy's (reading),,,club
Meadow,Meadow Cricket Club,,club
Mechanics,,,club
Mechanics Second XI,,,club
Melksham,,,club
Melksham Fanlium,,,club
Melksham Patriots,,,club
Melksham Second XI,,,club
Melrose,,,club
Melton,,,club
Middleport,,,club
Middlesex,,,club
Middleton,,,club
Middleton College,,,school
Milfield,,,club
Milford,,,club
Milford Visitors,,,club
Mill End Riverside,,,club
Mill End Second XI,,,club
Milton,,,club
Mitchell's,,,club
Mitchell's Second XI,,,personal_xi
Mitford,,,club
Monkland,,,club
Monkwearmouth,,,club
Monmouth,,,club
Monmouthshire,,,club
Monmouthshire And Ground,,,club
Montgomery,,,club
Montgomery Juniors,,,club
Moor Park,,,club
Moorsley,,,club
Moorsley First XI,,,club
Morpeth YMCA,,,club
Mortimer,,,club
Mortimer's XI,Mr Mortimer's XI,,personal_xi
Morval,,,club
Moseley,,,club
Moss Rose,,,club
Mossley Second XI,,,club
Mosswell,,,club
Moulsford Asylum,,,club
Moulsoe,,,club
Moulson,,,club
Moulton,,,club
Mount Pleasant,,,club
Mount Pleasant Second XI,,,club
Mouth,,,club
Moyle Brace,,,club
Mrs Berridge's XI,,,personal_xi
Mrs Isaac's XI,,,personal_xi
Mrs Isaac's XI Junior 17,,,personal_xi
Mrs J R Berridge's XI,,,personal_xi
Mrs JR Berridge's XI,,,personal_xi
Much Marcle,,,club
Mulbarton,,,club
Mundesley,,,club
Murton Colliery Second XI,,,club
Mutley Grammar School,,,school
N H,,,club
N Leek Highfield Second XI,,,club
Nantwich,,,club
Nantwich A Team,,,club
Nantwich II,,,club
Nantwich Second,,,club
Nantwich Second XI,,,club
Narrow Second XI,,,club
Nascot Ramblers,,,club
National Provincial Bank,,,club
Naval Ordnance,,,club
Naval Ordnance Reserve,,,club
Neasden,,,club
Nelson,,,club
Neston and District,,,club
Netherton,,,club
Netherton Second XI,,,club
Netherwitton,,,club
Nettleton,,,club
New Brighton,,,club
New Brighton A XI,,,club
New Bushey,,,club
New Chesterton Juniors,,,club
New City,,,club
New College,,,school
New Downs Larks,,,club
New Lodge,,,club
New Mills Tradesmen,,,club
New Museums Professors And Demonstrators,,,club
New Seaham Earnest Second XI,,,club
New Seaham MIA,,,club
New Swindon Wesleyans,,,club
New Tredegar,,,club
New Zealand Chief,,,club
Newark,,,club
Newark Town,,,club
Newberries,,,club
Newbery XI,Mr Newbery XI,,club
Newbery's XI,Mr Newbery's XI,,personal_xi
Newbiggin Institute,,,club
Newbury,,,club
Newcastle,,,club
Newland Cygnets,,,club
Newmarket Road,,,club
Newport,,,club
Newport Banks,,,club
Newport Northern,,,club
Newport Northerns,,,club
Newport Second XI,,,club
Newport Third XI,,,club
Newport Thirds,,,club
Newquay Visitors,,,club
Newton,,,club
Newton Blows,,,club
Newtown,,,club
Newtown Football Team,,,club
Newtown G C And R W W,,,club
Newtown GC And RWW,,,club
Newtown House,,,club
Next Twenty-Two,,,club
Nomads,,,club
Norbury Second,,,club
Norbury 2nd XI,Norbury Second XI,,club
Norfolk,,,club
Norfolk County Asylum,,,club
Norfolk Venue Change,,,club
Noris's,,,club
Norman & Beard's,,,club
Normanton Parish Church,,,church
Norse Reheam,,,club
North Bradley,,,club
North Devon,,,club
North Durham First XI,,,club
North Eastern County School,,,school
North Eastern Newcastle,,,club
North Holland,,,club
North London Railway,,,club
North Middlesex Wanderers,,,club
North Rode,,,club
North Thames LVCC,,,club
North Walsham,,,club
North Wilts,,,club
Northampton College-Street,,,school
Northampton County Club And Ground,,,club
Northampton Licensed Trades,,,club
Northamptonshire,,,club
Northamptonshire Club And Ground,,,club
Northaw,,,club
North-Eastern County School,,,school
Northern Nomads,,,club
Northern 2nd XI,Northern Second XI,,club
Northillage,,,club
Northleach,,,club
Northumberland,,,club
Northumberland Second,,,club
Northumberland Second XI,,,club
Northwood,,,club
Norton,,,club
Norton Barracks,,,military
Norton Second XI,,,club
Norwich And London,,,club
Norwich And London Captain's XI,,,personal_xi
Norwich Union,,,club
Nottinghamshire,,,club
Notts,,,club
Notts Foresters,,,club
Notts XI,,,club
Nuneaton Grammar School,,,school
O C C C Second XI,,,club
O E Y M S,,,club
O E Y M S Second XI,,,club
O Leek Church Club,,,church
O R Y M S,,,club
O R Y M S Norwich,,,club
Oak,,,club
Oak Grove,,,club
Oakamoor,,,club
Oakhurst,,,club
Oakleigh,,,club
Oakleigh New Southgate,,,club
Oarrow,,,club
Oaston,,,club
Oatmanor Second,,,club
Oatmanor Second XI,,,club
OCC,,,club
OCCC,,,club
OCCC Second XI,,,club
Occcc Second XI,,,club
Oddington,,,club
OE Y M S,,,club
Ogle's Scratch XI,,,personal_xi
Ogle's Team,,,club
Okeover,,,club
Old Albaniams,,,club
Old Albanians,,,club
Old Basford Baptist,,,club
Old Basford Primitives,,,club
Old Boys,,,club
Old Carthusians,,,club
Old Catton,,,club
Old Cliftonians,,,club
Old Galwegians,,,club
Old Higher Grade,,,club
Old Hill Mutual,,,club
Old Hill Mutual Second XI,,,club
Old Hurst Johhnians,,,club
Old Hurst Johnians,,,club
Old Hurst Johnnians,,,club
Old Malvernians,,,club
Old Meeting,,,club
Old Northeyites,,,club
Old Northleites,,,club
Old Northovians,,,club
Old Probians,,,club
Old Woodstock,,,club
Old Xaverians,,,club
Oraghead,,,club
Oriel,,,club
Oriel And Corpus College Servants,,,school
Ormskirk,,,club
Oryms,,,club
Oryms Norwich,,,club
Osborne Stevens And Co,,,club
Osborne Stevens & Co,,,club
Oswestry,,,club
Oswestry A,,,club
Oswestry And District,,,club
Oswestry School,,,school
Oulton And Blickling,,,club
Oulton And Blickling Park,,,club
Oulton And Blisling,,,club
Oulton And Blockling Park,,,club
Oulton And Blo'king Park,,,club
Our Park Estate,,,club
Ouston,,,club
Ouston Wanderers,,,club
Over 30 V Under 30,,,club
Overstone Park,,,club
Overstrand,,,club
Overton,,,club
Ovingham,,,club
Oxford,,,club
Oxford Chronicle,Oxford Chronicle OC,,club
Oxford City,,,club
Oxford Corporation,,,club
Oxford Cowley,,,club
Oxford Harlequins,,,club
Oxford High School,,,school
Oxford Road,,,club
Oxford Servants,,,club
Oxford Temperance,,,club
Oxford Times,Oxford Times OC,,club
Oxford University,,,club
Oxford University Authentics,,,club
Oxford University College Servants,,,school
Oxford University Harlequins,,,club
Oxford University Servants,,,club
Oxford-Road,,,club
Oxfordshire,,,club
Oxhey,,,club
Oxoley,,,club
Oxton,,,club
Oxton 2nd XI,Oxton Second XI,,club
P Burslem,,,club
P Leeder's XI,,,personal_xi
P Sutton's XI,Mr P Sutton's XI|Mr P Suttons XI,,personal_xi
Padstow,,,club
Padworth Juniors,,,club
Pallion Institute,,,club
Parish Church,,,church
Parish Church Institute,,,church
Park,,,club
Patricroft Wesleyans,,,club
Pembroke,,,club
Pembroke Second XI,,,club
Penarth,,,club
Penn Street,,,club
Pennington,,,club
Penny Stratford S Martin,,,club
Penny Stratford St Martin,,,church
Penshaw Church,,,church
Penzance,,,club
Penzance Wanderers,,,club
Penzance YMCA,,,club
Percy YMCA,,,club
Peripatetics,,,club
Permanent Staff Of The Iind Batt Oxford Light Infantry,,,club
Permanent Staff Of The Second Batt Oxford Light Infantry,,,club
Permanent Staff of the 3rd Batt Oxford Light Infantry,,,club
Permanent Way,,,club
Perranarworthal,,,club
Perranworth,,,club
Perse School Cambridge,,,school
Pershore,,,club
Peterchurch,,,church
Philadelphia,,,club
Phoenix,,,club
Phoenix Second XI,,,club
Pinchley Second XI,,,club
Pine Apple,Pine Apple CC,,club
Pinner,,,club
Pioneer,,,club
Pioneer Second XI,,,club
Pittington Wednesday,,,club
Players Of Yorkshire,,,club
Pleasant Sunday Afternoon Newcastle,,,club
Plumstead Road,,,club
Plymouth,,,club
Plymouth And District,,,club
Plymouth Borough Asylum,,,club
Plymouth Borough Police,,,club
Plymouth College,,,school
Plymouth College Second XI,,,school
Plymouth Garrison,,,military
Plymouth Police,,,club
Plympton,,,club
Plympton Grammar School,,,school
Poles,,,club
Poles XII,,,club
Police,,,club
Police First XI,,,club
Polseath Visitors,,,club
Polslath Visitors,,,club
Pontesbury,,,club
Pontrilas And Ewyas Harold,,,club
Pool,,,club
Poole,,,club
Poole Park,,,club
Port Sunlight,,,club
Porthill,,,club
Porthill Park,,,club
Porthill Park Second XI,,,club
Portway Works,,,works
Post Office,,,club
Post Office Telegraphs London,,,club
Postal Telegraph (London),,,club
Postal Telegraphs,,,club
Postal Telegraphs London,,,club
Post-Office,,,club
Potton,,,club
Potton Cup Match,,,club
Poynton,,,club
Poynton Second,,,club
Poynton 2nd XI,Poynton Second XI,,club
Poynton United,,,club
Present,,,club
Present Second XI,,,club
Press,,,club
Presteign,,,club
Presteigne,,,club
Prestigne,,,club
Prestwicke,,,club
Prickwillow,,,club
Primitive,,,club
Primitive Methodists,,,club
Primitives,,,club
Princess Street,,,club
Princess Street YLCB,,,club
Princess-Street,,,club
Princess-Street Excelsior Reserves,,,club
Princess-Street X L C R,,,club
Princess-Street XLCR,,,club
Princess-Street YLCB,,,club
Professors and Demonstrators,,,club
Professors & Demonstrators,,,club
Pteetstavy,,,club
Pulloxhill,,,club
Purton,,,club
Purton Perseverance,,,club
Pylewell Park,,,club
Quarterman's Firm,Mr Quarterman's Firm,,club
Quayside Wanderers,,,club
Queen's Arms Raglan-Street,,,club
Queen's College Cambridge,,,school
Queen's-Road,,,club
Quidenham,,,club
Quidenham Park,,,club
R Ford's Firm,Mr R Ford's Firm,,club
R G Mortimer's XI,Mr R G Mortimer's XI,,personal_xi
R H Haviland's XI,Mr R H Haviland's XI,,personal_xi
R H Haviland's XL,Mr R H Haviland's XL,,club
R H Lambert Performance For Leicester,,,club
R Lake's XI,,,personal_xi
R M L Militia,,,club
R N H,,,club
R N M,,,club
R P Hammond's Team,Mr R P Hammond's Team,,club
R Walker And Sons,,,club
Raddish St Elisabeth's,,,church
Raddish St Joseph's,,,church
Radlett,,,club
Radnage,,,club
Radnor School,,,school
Raglan Barracks,,,military
Railway United,,,club
Ravenscroft,,,club
Ravenshead,,,club
Raverscroft,,,club
Rayners XI,,,club
Raynham,,,club
Reading,,,club
Reading Borough Police,,,club
Reading Co-operative,,,club
Reading Corporation Officials,,,club
Reading Police,,,club
Reading School,,,school
Reading Temperance Forward,,,club
Reading Wednesday,,,club
Reaseheath,,,club
Reaseheath A Team,,,club
Redbourn,,,club
Reddish St Elisabeth's,,,church
Reddish St Elisabeth's Final Tie,,,church
Reddish St Elizabeth's,,,church
Reddish St Joseph's,,,church
Reddish Vale,,,club
Redditch And District,,,club
Rednish Vale,,,club
Redruth,,,club
Regent-Square,,,club
Reigate,,,club
Remainder Of The Iiird Volunteer Battalion,,,military
Remainder Of Third Volunteer Battalion,,,military
Rest of Batallion,,,club
Rest Of Battalion,,,club
Retford,,,club
Retford Town,,,club
Rev C L Kennaway's XI,,,personal_xi
Rev CL Kennaway's XI,,,personal_xi
Rev Gillett's (gwithian) XI,Rev Gillett's Gwithian XI,,personal_xi
Rev Gillett's XI,,,personal_xi
Rev Hatchell's XI,,,personal_xi
Rev King's XI,Rev — King's XI,,personal_xi
Rev P Deedes' XI,,,club
Rev Partridge's XI,,,personal_xi
Rev T J Rees's Team,,,club
Rev T J Rees's XI,,,personal_xi
Rev T Mitchell's XI,,,personal_xi
Rhayau,,,club
Richardson Challenge Cup Second Round Frodingham,,,club
Richmond Asylum,,,club
Rickmansworth,,,club
Rickmansworth Stars,,,club
Rickmansworth Town,,,club
Rifle Company Boys' Brigade,Rifle Company Boys Brigade,,club
RM Engineers Second XI,,,club
RML Militia,,,club
RMLI,,,club
Road,,,club
Roamers,,,club
Roberts And Roberts,,,club
Roborah Police,,,club
Rocester,,,club
Rock Ferry,,,club
Rock Ferry 2nd XI,Rock Ferry Second XI,,club
Rock Ferry Second Xis,,,club
Rockliff,,,club
Rodbourne,,,club
Rodwell House,,,club
Rodwell Rovers,,,club
Roker Park,,,club
Rood Ashton,,,club
Rookcliff First XI,,,club
Rosary Road,,,club
Rosbury,,,club
Ross,,,club
Ross Second XI,,,club
Ross' Sixteen,Mr Ross' Sixteen,,club
Ross' XVI,Mr Ross XVI|Mr Ross' XVI,,club
Rossbury,,,club
Round,,,club
Rowde,,,club
Rowles's XI,Mr Rowles's XI,,personal_xi
Roxeth,,,club
Roy Of Allies,,,club
Royal Artillery,,,club
Royal Grammar School,,,school
Royal Grammar School Second XI,,,school
Royal Irish Constabulary,,,club
Royal Marines,,,club
Royal Monmouth Engineers,,,club
Royal Monmouthshire Engineers Militia,,,club
Royal Monmouthshire Militia Engineers,,,club
Royal Munster Fusiliers,,,club
Royal Naval Asylum,,,club
Royston,,,club
RP Hammond's Team,Mr RP Hammond's Team,,club
Ryton,,,club
S Clayton's XI,Mr S Clayton's XI,,personal_xi
S Groom's XII,Mr S Groom's XII,,personal_xi
S Hoare XI,Mr S Hoare XI,,club
S Hoare's XI,Mr S Hoare's XI,,personal_xi
Sale,,,club
Sale 2nd XI,Sale Second XI,,club
Salem Athletic,,,club
Salmon's XI,Mr Salmon's XI,,personal_xi
Salt Union,,,club
Sandbach,,,club
Sandy,,,club
Sandy And District,,,club
Sandyford,,,club
Sansom's XI,Mr Sansom's XI,,personal_xi
Sawston,,,club
Sawston Institute,,,club
Sayour Mead's,,,club
Scholes Albert Mills,,,club
School Of Musketry,,,school
Schoolmasters,,,school
Scrivton,,,club
Seaham Ernest,,,club
Seaham Harbour Tradesmen,,,club
Seaton,,,club
Second Battalion Loyal North Lancashire Regiment,,,military
Second Battalion Rifle Brigade,,,club
Secular,,,club
Sedgwick's Brewery,,,club
Seend,,,club
Seghill,,,club
Selly Oak,,,club
Sennen,,,club
Sewell Lime Works,,,works
Sewers Lime Works,,,works
Seymour Mead's,,,club
Shap,,,club
Sharpshooters,,,club
Shavington,,,club
Shaw And Whitley,,,club
Shaw Hill House Employes,,,club
Shaw Road Unity,,,club
Sheaf Ironworks,,,works
Sheffield United,,,club
Shepherd's XI,Mr Shepherd's XI,,personal_xi
Shepton Assiter,,,club
Sherburn,,,club
Sheringham,,,club
Sheringham Park,,,club
Sherwill,,,club
Shields St Johns,,,church
Shinfield,,,club
Shipton And District,,,club
Shiremill,,,club
Shobdon,,,club
Shrewsbury,,,club
Shrewsbury Club,,,club
Shrewsbury School,,,school
Shropshire,,,club
Shugborough Park,,,club
Sidmouth,,,club
Signal End,,,club
Silchester,,,club
Silkworks Men's,,,works
Silsoe,,,club
Silston,,,club
Silver Road,,,club
Silverdale,,,club
Silverdale Primitives,,,club
Silverdale Second,,,club
Silverdale Second Team,,,club
Silverdale Second XI,,,club
Silverdale St Luke's,,,church
Silverdale Wesleyan,,,club
Single,,,club
Singleton,,,club
Singleton House School,,,school
Sirines,,,club
Six Works Men's,,,works
Sixteen Of Wiltshire,,,club
Sixworks Men's,,,works
Skegness And District,,,club
Skelmanthorpe,,,club
Skirmett,,,club
Slaters,,,club
Sleaford,,,club
Slough,,,club
Smallburgh,,,club
Smallthorne,,,club
Smethwick,,,club
Snoxbeck,,,club
Soapees,,,club
Somerset,,,club
Somerset Light Infantry,,,club
Somersford Hall Unity,,,club
Somerton Ladies,,,club
Sonning,,,club
Sopley,,,club
South Cave,,,club
South Creake,,,club
South Devon,,,club
South End,,,club
South Hampstead,,,club
South Hamptead,,,club
South Hampthead,,,club
South Heigham Institute,,,club
South Hetton,,,club
South Manchester,,,club
South Manchester Second,,,club
South Manchester 2nd XI,South Manchester Second XI,,club
South Milford,,,club
South Northumberland,,,club
South Park,,,club
South Reading,,,club
South Reigham,,,club
South Shields,,,club
South Shields High School,,,school
South Shields II,,,club
South Shields Second XI,,,club
South Shields Third,,,club
South Shields Third XI,,,club
South Yarmouth,,,club
Southall,,,club
Southdown Wanderers,,,club
Southernd,Southernd OC,,club
Southernd Falcon's,Southernd (falcon's) OC|Southernd Falcon's OC,,club
Southgate,,,club
Southington,,,club
Southport,,,club
Spain,,,club
Sparkenhoe,,,club
Sparkhill,,,club
Speen,,,club
Spencer Ferguson's XI,Mr Spencer Ferguson's XI,,personal_xi
Spencer Smith's XI,Mr Spencer Smith's XI,,personal_xi
Spennymoor,,,club
Spennymoor Wednesday,,,club
Spital,,,club
St Albans,,,church
St Albans A,"St Albans ""a""",,church
St Albans B,"St Albans ""b""",,church
St Albans City Police,,,church
St Albans Grammar School,,,school
St Andrew's,,,church
St Andrew's Institute,,,church
St Augustine's,St Augustines,,church
St Austell,,,church
St Barnabas,,,church
St Barnabas First XI,,,club
St Barnabas Second XI,,,club
St Blazey,,,church
St Boniface College,,,school
St Breward,,,church
St Chads,,,church
St Columb,,,church
St Edmund's College,,,school
St George's,,,church
St George's Newcastle,,,church
St George's School Harpenden,,,school
St George's Second,,,club
St George's Second XI,,,personal_xi
St Germans,,,church
St Giles,St Giles',,church
St Giles' Brigade,,,church
St Giles-In-The-Fields,,,church
St Hilda's,,,church
St Hugh's,,,church
St Hugh's Church,,,church
St Ives,,,church
St James,,,church
St James' Dudley,St James Dudley,,church
St James' Excelsior,,,church
St James' Hall,,,church
St James's,,,church
St James's Dudley,,,church
St James's Wrexham,St James's (wrexham),,church
St John's,,,church
St John's 2nd XI,St John's Second XI,,personal_xi
St John's Sunday School Teachers,,,school
St John's Teachers,,,church
St Joseph Handen,,,church
St Joseph's,,,church
St Joseph's Handen,,,church
St Joseph's (Reddish),St Joseph's Reddish,,church
St Katherine's,,,church
St Kenelm,,,church
St Kenelm's,St Kenelms,,church
St Laurence's,,,church
St Laurence's (Reading),,,church
St Lawrence's,,,church
St Luke's,,,church
St Margaret's,St Margaret's CC,,church
St Margaret's Institute,,,church
St Mark's,,,church
St Mark's Choir,,,church
St Mark's Choir Bourne End,"St Mark's Choir, Bourne End|St Marks Choir Bourne End",,church
St Mark's Second XI,,,personal_xi
St Mark's Woodhill,St Marks Woodhill,,church
St Martin's,,,church
St Mary's,,,church
St Mary's College Dundalk,,,school
St Mary's (launceston),,,church
St Mary's School,,,school
St Mary's 2nd XI,St Mary's Second XI,,personal_xi
St Matthew's,St Matthews,,church
"St Matthew's, Luton",St Matthew's Luton,,church
St Mawes,,,church
St Michael's,,,church
St Paul's,,,church
St Paul's City Cup Final,,,church
St Paul's Second XI,,,personal_xi
St Paul's Walden,,,church
St Paulswalden,,,church
St Peter Le Bailey,,,church
St Peter Perambulators,,,church
St Peter-Le-Bailey,,,church
St Philip's,,,church
St Philip's Institute,,,church
St Saviour's,,,church
St Saviour's C C Hitchin,St Saviour's C C (hitchin),,church
St Saviour's Hitchin,,,church
St Sepulchre's,,,church
St Sepulchre's BC,,,church
St Sepulchre's Bible Class,,,church
St Sepulchre's Choir,,,church
St Sepulchre's Institute,,,church
St Silas,,,church
St Silas (London),St Silas London,,church
St Stephen's Sunday School Teachers,,,school
St Stephen's Teachers,,,church
St Thomas',St Thomas,,church
St Thomas' Athletic,St Thomas Athletic,,church
St Thomas' (Hyde),St Thomas Hyde|St Thomas' Hyde,,church
St Thomas Second XI,St Thomas' Second XI,,club
Stafford,,,club
Stafford Christ Church,,,church
Stafford Grammar School,,,school
Stafford Post Office,,,club
Staffordshire,,,club
Staffordshire County Club,,,club
Stafforshire Sentinels,,,club
Stamp End,,,club
Standon Rovers,,,club
Stanley,,,club
Stanley And District,,,club
Stanmore,,,club
Stanmore Brewery,,,club
Stanton Rovers,,,club
Stantonbury St James,Stantonbury St James',,church
Star,,,club
Star B,Star (b),,club
Star II,,,club
Star Reserve,,,club
Star Reserves,,,club
Star Reserves City Cup Semi-Final,,,club
Star Second XI,,,club
Steeple Ashton,,,club
Stereo,,,club
Stereo B Team,,,club
Stereo Second XI,,,club
Stevenage,,,club
Stevenage Second XI,,,club
Stevenage Town Second XI,,,club
Stockcross,,,club
Stockport,,,club
Stockport Congregational,,,club
Stockport Congregational 2nd XI,Stockport Congregational Second XI,,club
Stockport Congregationals Second,,,club
Stockport Congregationals Second XI,,,club
Stockport Great Moor,,,club
Stockport Lads' Club,,,club
Stockport Lads' Club First,,,club
Stockport Lads' Club First XI,Stockport Lads Club First XI,,club
Stockport Post Office,,,club
Stockport Second,,,club
Stockport 2nd XI,Stockport Second XI,,club
Stockton,,,club
Stoke,,,club
Stoke Club,,,club
Stoke Club And Ground,,,club
Stoke County Club And Ground,,,club
Stoke Green,,,club
Stoke Lacy,,,club
Stoke Post Office,,,club
Stoke Row,,,club
Stoke Stratford Mutual,,,club
Stokechurch,,,church
Stokenchurch,,,church
Stokey Spanton Second XI,,,club
Stone,,,club
Stonehouse,,,club
Stonehouse Reserve,,,club
Stony Stratford Mutual,,,club
Stooroos,,,club
Stourbridge,,,club
Stourbridge Second XI,,,club
Stourport,,,club
Stratfieldsaye,,,club
Strauss's XI,Mr Strauss's XI,,personal_xi
Strines,,,club
Styal,,,club
Suckley,,,club
Sulhampstead Juniors,,,club
Sullhamstead Juniors,,,club
Summer,,,club
Summertown,,,club
Sun Office,,,club
Sunderland,,,club
Sunderland II,,,club
Sunderland Licensed Victuallers,,,club
Sunderland Second XI,,,club
Sunnyside,,,club
Sunnyside Church,,,church
Sunnyside Church CO,,,church
Surrey,,,club
Surrey Road School,,,school
Surrey Second XI,,,club
Sussex,,,club
Sutton,,,club
Sutton Courtney,,,club
Sutton Valence Wanderers,,,club
Sutton's A XI,,,personal_xi
Sutton's B XI,,,personal_xi
Sutton's Juniors,Suttons Juniors|Suttons' Juniors,,club
Swaffham,,,club
Swallowfield Park,,,club
Swalwell United,,,club
Swansea,,,club
Swansea Second,,,club
Swansea Second XI,,,club
Swansea Tourists,,,club
Swanton Morley,,,club
Swindeby,,,club
Swinderby And Collingham,,,club
Swindon,,,club
Swindon Central,,,club
Swindon GWR,,,club
Swindon GWR Third XI,,,club
Swindon St John's,Swindon St Johns,,church
Swindon St Mark's,Swindon St Marks,,church
T C Rechens' XI,Mr T C Rechens' XI,,club
T Davies' XI,Mr T Davies XI|Mr T Davies' XI|T Davies XI,,club
T G Richens XI,T G Richens' XI,,club
T W Girdlestone's XI,Mr T W Girdlestone's XI,,personal_xi
Tabernacle Mission,,,club
Taplow Station,,,club
Taverham,,,club
Tavistock,,,club
Tavistock B,,,club
Tavistock Second XI,,,club
TC Rechens' XI,Mr TC Rechens' XI,,club
Teachers,,,club
Tean,,,club
Teignbridge,,,club
Temperance,,,club
Temperance Forwards,,,club
Tenbury,,,club
Tetbury,,,club
Tewkesbury,,,club
TG Richens' XI,TG Richens XI,,club
Thame,,,club
Thame Park-Street Wanderers,,,club
Thame Printers,,,club
Thame Second XI,,,club
Thames Bank,,,club
Thames Bank Iron Works,,,works
Thames Bank Ironworks,,,works
The Borderers,,,club
The Brewery,,,club
The Brewery Leeds,The Brewery (leeds),,club
The Erratics,,,club
The Grove,,,club
The Hermitage,,,club
The Park,,,club
The Rev T J Rees's Team,,,club
The Roamers,,,club
Theale,,,club
Thomas's XI,Mr Thomas's XI,,personal_xi
Thornhill,,,club
Thorpe Asylum,,,club
Thorpe Hamlet,,,club
Thorpe Village,,,club
Three Counties Asylum,,,club
Thurmaston,,,club
Thurmaston Methodists,,,club
Tilehurst,,,club
Tiverton,,,club
Tivetford,,,club
Tividale,,,club
Tividale Second XI,,,club
Todmorden,,,club
Torquay,,,club
Totnes,,,club
Tottenham,,,club
Town Second XI,,,club
Tradesmen,,,club
Trains,,,club
Tram Inn,,,club
Trame Printers,,,club
Tranmere Wesley,,,club
Tranmere Wesley 2nd XI,Tranmere Wesley Second XI,,club
Tranmere Wesleyans,,,club
Trefonen,,,club
Trefonen (return),,,club
Trentham,,,club
Trimdon-Street Wesleyans,,,club
Trinity Church,,,church
Trinity Church CC Hampstead,,,church
Trinity College Knockabouts,,,school
Trinity Congregational,,,club
Troon,,,club
Troughton,,,club
Trow Troop,,,club
Trowbridge,,,club
Trowbridge Conservative,,,club
Trowbridge Conservatives,,,club
Trowbridge Police,,,club
Trowbridge St James,,,church
Trowse,,,club
Truro,,,club
Truro College,,,school
Tubb's XI,Mr Tubb's XI,,personal_xi
Tudhoe,,,club
Tunstall,,,club
Tunstall II,,,club
Tunstall Mission,,,club
Tunstall Second,,,club
Tunstall Second XI,,,club
Turner's Limited,,,club
TW Girdlestone's XI,Mr TW Girdlestone's XI,,personal_xi
Twyford,,,club
Tyne Dock NER Juniors,,,club
Tyne Dock Second XI,,,club
Tynedale,,,club
Tynemouth,,,club
Tynemouth Second,,,club
Tynemouth Second XI,,,club
Tyringham,,,club
Uffculme,,,club
Union Street Hyde,,,club
Union-Street Hyde,,,club
United,,,club
United C O,,,club
United CO,,,club
United College Servants Second XI,,,school
Unity,,,club
University Press,,,club
Unknown,,,club
Unspecified Opponent,,,club
Up Shepherd's XI,,,personal_xi
Upper Sheringham,,,club
Uppingham Rovers,,,club
Upton Scudamore,,,club
Upton-On-Severn,,,club
Urban Council,,,club
Urmston,,,club
Usk Second XI,,,club
Uskcarne,,,club
Ustrand,,,club
Uttoxeter,,,club
Uxbridge,,,club
V T Hill's XI,Mr V T Hill's XI,,personal_xi
Vampires,,,club
Ven Bede's,,,club
Venerable Bede's,,,club
Vice-Captain's XI,,,personal_xi
Victoria,,,club
Victoria Road,,,club
Victoria Second XI,,,club
Victoria-Road,,,club
Village,,,club
Visitors,,,club
Vrimehill,,,club
VT Hill's XI,Mr VT Hill's XI,,personal_xi
Vth Fusiliers,,,club
W E Hansell's Team,,,club
W E Hansell's XI,,,personal_xi
W E Hansell's XII,,,personal_xi
W Evans' XI,Mr W Evans' XI,,club
W Evans' XI Hertford,Mr W Evans' XI Hertford,,club
W H Nicholls' XI,Mr W H Nicholls XI|Mr W H Nicholls' XI,,club
W Howard Palmer's XI,Mr W Howard Palmer's XI,,personal_xi
W K Bowers XI,Mr W K Bowers XI,,club
W M Orr's XI,,,personal_xi
W Opleton Team,Mr W Opleton Team,,club
W Opleton's Team,Mr W Opleton's Team,,club
W Pearce XI,,,club
W Pearce's (Wycombe) XI,Mr W Pearce's (wycombe) XI|Mr W Pearce's Wycombe XI,,personal_xi
W Pearce's XI,Mr W Pearce's XI,,personal_xi
W Wright's Notts XI,Mr W Wright's Notts XI,,personal_xi
W Young's XI,Mr W Young's XI,,personal_xi
Wakefield Albion,,,club
Wakefield St Michael's,,,church
Wakefield St Michael's M S,,,church
Wakefield St Michael's YMS,,,church
Waldridge,,,club
Walkern,,,club
Walkern Second XI,,,club
Walker's XI,,,personal_xi
Wallall,,,club
Wallall Second XI,,,club
Wallasey,,,club
Wallingford,,,club
Wallingford Athletic Club,,,club
Wallingford Brewery,,,club
Wallingford Working Men's Club,Wallingford Working Mens Club,,club
Wallsend Second,,,club
Wallsend Second XI,,,club
Walsall,,,club
Walsall Second XI,,,club
Wanderers,,,club
Wanderers V Holloway's Boot Operatives,Wanderers V Holloway's Boot Operatives O C|Wanderers V Holloway's Boot Operatives OC,,club
Wantage,,,club
Wantage Gentlemen,,,club
Ware,,,club
Ware Parish Church Choir,,,church
Ware Town,,,club
Ware Town Club,,,club
Warkworth,,,club
Warminster,,,club
Warminster Police,,,club
Warps,,,club
Warps Colts Match,,,club
Warrington,,,club
Warwickshire,,,club
Washington,,,club
Water Rats,,,club
Waterlow's,Waterlow's OC|Waterlows|Waterlows',,club
Waters Place,,,club
Watford,,,club
Watford Brewery,,,club
Watford Carriage Department,,,club
Watford Engineering Works,,,works
Watford Fields,,,club
Watford Heath Stars,,,club
Watford Permanent Way,,,club
Watford Station,,,club
Watford Tradesmen,,,club
Watford Urban Council,,,club
Watford Urban District,,,club
Watford Urban District Council,,,club
Watford Wednesday,,,club
Watlington,,,club
Watton Second XI,,,club
Waxham Visitors,,,club
Wealdstone Athletic,,,club
Weedon Garrison,,,military
Welland And District,,,club
Wellingboro' All Saints',,,church
Wellingboro' All Saints' B,Wellingboro All Saints B,,church
Wellingborough All Saints,,,church
Wellingborough All Saints' Juniors,,,church
Wellingborough Congregational,,,club
Wellingborough Grammar School Past,,,school
Wellingborough Grammar School Past Second XI,,,school
Wellington,,,club
Wellington Heath,,,club
Welshpool,,,club
Welton,,,club
Wem,,,club
Wendlebury,,,club
Weobley,,,club
Werneth,,,club
Werneth 2nd XI,Werneth Second XI,,club
Werneth Second Xis,,,club
Wesley Chapel,,,church
Wesley Chapel Second XI,,,church
Wesleyan,,,club
Wesleyan Adult Class,,,club
Wesleyan Adult Class XXII,,,club
Wesleyan Star,,,club
Wesleyans,,,club
Wesleyans V Wesleyan Star,,,club
Wesleyites,,,club
West Ashton,,,club
West Denton,,,club
West Derby,,,club
West Derby 2nd XI,West Derby Second XI,,club
West End Ramblers,,,club
West End Rovers,,,club
West Herts,,,club
West Herts Club,,,club
West Hyde,,,club
West Middlesex,,,club
West Newton,,,club
West Norton,,,club
West Swindon,,,club
West Wycombe,,,club
Westbrook,,,club
Westbury,,,club
Westbury Second XI,,,club
Westmeath,,,club
Westminster Wanderers,,,club
Weston,,,club
Westoning,,,club
Westwick,,,club
Westwood,,,club
Wetherby Glebe Society,,,club
WH Nicholls XI,,,club
Wheathampstead,,,club
Wheatley,,,club
Wheeler End,,,club
Whet Stone Albion,,,club
Whetstone Albion,,,club
Whickham,,,club
Whickham Second XI,,,club
Whitburn,,,club
Whitchurch,,,church
White Cross,,,club
White Cross (Basingstoke),,,club
White's,,,club
Whitington,,,club
Whitmore,,,club
Whitmore Rangers,,,club
Whittingham,,,club
Whittington,,,club
Whitwood,,,club
Wicheford,,,club
Wichenford,,,club
Wickenford,,,club
Wickham Second,,,club
Wickham Second XI,,,club
Wicknford,,,club
Widford Under 14,,,club
Widford Under XIV,,,club
Wilkinson's XI,Mr Wilkinson's XI,,personal_xi
Willesden,,,club
Willesden Presbyterian,,,club
Willian,,,club
Willingham,,,club
Wilmslow,,,club
Wilmslow League XI,,,club
Wilshaw's XI,Mr Wilshaw's XI,,personal_xi
Wilstead,,,club
Wilts County Asylum,,,club
Wiltshire,,,club
Wiltshire Wanderers,,,club
Windsor,,,club
Wingfield,,,club
Winlaton,,,club
Witney,,,club
Witney Holy Trinity,,,club
Wivelscombe,,,club
WK Bowers XI,,,club
WM Orr's XI,,,personal_xi
Woburn,,,club
Wokingham,,,club
Wokingham Excelsior,,,club
Wollaston,,,club
Wolsden,,,club
Wolverhampton School,,,school
Wonford House,,,club
Wooburn Institute,,,club
Wood Lane,,,club
Wood Lane Addington,,,club
Wood Lane (Adlington),,,club
Wood Lanes,,,club
Woodford,,,club
Woodhall Spa,,,club
Woodland,,,club
Woodlands,,,club
Woodlands Adlington,,,club
Wood-Lanes,,,club
Wood-Lanes (Adlington),Wood-Lanes Adlington,,club
Woodley,,,club
Woodleys,,,club
Woodsetton,,,club
Woodworks,,,works
Woolley,,,club
Woolley Park,,,club
Woolsington,,,club
Wootton,,,club
Worcester,,,club
Worcester Cathedral School,,,school
Worcester Cathedral Voluntary Choir,,,club
Worcester Club And Ground,,,club
Worcester Grammar School,,,school
Worcester Regiment,,,military
Worcester St John's,,,church
Worcestershire,,,club
Worcestershire Club And Ground,,,club
Worcestershire Regiment,,,military
Worcestershire Regiment (worcester Depot),Worcestershire Regiment Worcester Depot,,military
Working Men's Club,,,club
Wrexham,,,club
Wrotham Park,,,club
Wycliffe,,,club
Wycombe,,,club
Wycombe Alexandra,,,club
Wycombe Belle Vue Wanderers,,,club
Wycombe Bells,,,club
Wycombe Bells Wanderers,,,club
Wycombe Church Room,,,church
Wycombe Primitives,,,club
Wycombe Reserves,,,club
Wycombe St John's,,,church
Wycombe Y M C A,,,club
Wycombe YMCA,,,club
Wyeside,,,club
Wymondham,,,club
Wynne's Team,Mr Wynne's Team,,club
Wynne's XI,Mr Wynne's XI,,personal_xi
Wynnstay,,,club
X Y Z,,,club
XI Wantage Gentlemen,,,club
XIII St Mary's Launceston,,,personal_xi
XYZ,,,club
Y M C A,,,club
Y M C A Juniors,,,club
Y R A,,,club
Yarmouth,,,club
Yarmouth B A,,,club
Yarmouth Initials,,,club
Yarmouth Mechanics,,,club
Yarmouth R A,,,club
Yarmouth RA,,,club
Yarmouth St Andrew's,,,church
Yarmouth Temple,,,club
Yaxham,,,club
Yealmpton,,,club
Yealmpton Grammar School,,,school
Yew Tree,,,club
YMCA,,,club
YMCA Cambridge,,,club
YMCA Juniors,,,club
Ymcacc,,,club
York N E R Clerks,,,club
York NER Clerks,,,club
Yorkshire,,,club
Yorkshire Gentlemen,,,club
Yorkshire Regiment 19th,Yorkshire Regiment (19th),,military
Yorkshire Regiment XIX,,,military
Young Men's Christian Association,,,club
Zion,,,club
